[{"description":"verb: to fear; to be afraid","html":"<h1>e</h1><h2>verb</h2><ul><li>to fear; to be afraid<ul style=\"list-style-type:circle\"><li>Tôi e cô ta không đến:<i>I am afraid she will not come</i></li></ul></li></ul>","id":7897,"pronounce":"","word":"e","word_types":["verb"]},{"description":"verb: to fear; be shy of","html":"<h1>e dè</h1><h2>verb</h2><ul><li>to fear; be shy of</li></ul>","id":7898,"pronounce":"","word":"e dè","word_types":["verb"]},{"description":"adj: coy; shy; bashful","html":"<h1>e lệ</h1><h2>adj</h2><ul><li>coy; shy; bashful</li></ul>","id":7899,"pronounce":"","word":"e lệ","word_types":["adj"]},{"description":"verb: to be shy of, to flinch","html":"<h1>e ngại</h1><h2>verb</h2><ul><li>to be shy of, to flinch</li></ul>","id":7900,"pronounce":"","word":"e ngại","word_types":["verb"]},{"description":"afraid that","html":"<h1>e rằng</h1><ul><li>afraid that</li></ul>","id":7901,"pronounce":"","word":"e rằng","word_types":[]},{"description":"Apprehend","html":"<h1>e sợ</h1><ul><li>Apprehend</li></ul>","id":7902,"pronounce":"","word":"e sợ","word_types":[]},{"description":"Shy and different","html":"<h1>e thẹn</h1><ul><li>Shy and different</li></ul>","id":7903,"pronounce":"","word":"e thẹn","word_types":[]},{"description":"noun: younger brother; younger sister","html":"<h1>em</h1><h2>noun</h2><ul><li>younger brother; younger sister<ul style=\"list-style-type:circle\"><li>chị em:<i>sisters</i>-I, me<br/></li></ul></li></ul><h2>adj</h2><ul><li>small; smaller<ul style=\"list-style-type:circle\"><li>buồng cau chị, buồng cau em:<i>Big bunch and small bunch of areca-nuts</i></li></ul></li></ul>","id":7907,"pronounce":"","word":"em","word_types":["noun","adj"]},{"description":"Baby","html":"<h1>em bé</h1><ul><li>Baby</li></ul>","id":7908,"pronounce":"","word":"em bé","word_types":[]},{"description":"noun: brother-in-law; sister-in-law","html":"<h1>em chồng</h1><h2>noun</h2><ul><li>brother-in-law; sister-in-law</li></ul>","id":7909,"pronounce":"","word":"em chồng","word_types":["noun"]},{"description":"noun: sister-in-law","html":"<h1>em dâu</h1><h2>noun</h2><ul><li>sister-in-law</li></ul>","id":7910,"pronounce":"","word":"em dâu","word_types":["noun"]},{"description":"A little smaller","html":"<h1>em em</h1><ul><li>A little smaller<ul style=\"list-style-type:circle\"><li>Cái lọ hoa kia cũng em em cái này:<i>That flower-vase is a little smaller than this one</i></li></ul></li></ul>","id":7911,"pronounce":"","word":"em em","word_types":[]},{"description":"noun: younger sister","html":"<h1>em gái</h1><h2>noun</h2><ul><li>younger sister</li></ul>","id":7912,"pronounce":"","word":"em gái","word_types":["noun"]},{"description":"noun: cousin","html":"<h1>em họ</h1><h2>noun</h2><ul><li>cousin</li></ul>","id":7913,"pronounce":"","word":"em họ","word_types":["noun"]},{"description":"Younger adoptive brother (sister)","html":"<h1>em nuôi</h1><ul><li>Younger adoptive brother (sister)</li></ul>","id":7914,"pronounce":"","word":"em nuôi","word_types":[]},{"description":"Brother-in-law (one's younger sister's husband)","html":"<h1>em rể</h1><ul><li>Brother-in-law (one's younger sister's husband)</li></ul>","id":7915,"pronounce":"","word":"em rể","word_types":[]},{"description":"Brother-in-law, sister-in-law (one's wife's younger sibling)","html":"<h1>em vợ</h1><ul><li>Brother-in-law, sister-in-law (one's wife's younger sibling)</li></ul>","id":7917,"pronounce":"","word":"em vợ","word_types":[]},{"description":"Youngest sibling, youngest sister, youngest brother","html":"<h1>em út</h1><ul><li>Youngest sibling, youngest sister, youngest brother-Greenhorn<br/><ul style=\"list-style-type:circle\"><li>Chấp gì hạng em út:<i>Never mind such greenhorns</i></li></ul></li></ul>","id":7916,"pronounce":"","word":"em út","word_types":[]},{"description":"xem éc (láy)","html":"<h1>eng éc</h1><ul><li>xem éc (láy)</li></ul>","id":7921,"pronounce":"","word":"eng éc","word_types":[]},{"description":"noun: waist","html":"<h1>eo</h1><h2>noun</h2><ul><li>waist<ul style=\"list-style-type:circle\"><li>eo lưng ong:<i>wasp waist</i></li></ul></li></ul>","id":7922,"pronounce":"","word":"eo","word_types":["noun"]},{"description":"noun: strait; channel","html":"<h1>eo biển</h1><h2>noun</h2><ul><li>strait; channel</li></ul>","id":7923,"pronounce":"","word":"eo biển","word_types":["noun"]},{"description":"noun: scanty; want; tight","html":"<h1>eo hẹp</h1><h2>noun</h2><ul><li>scanty; want; tight<ul style=\"list-style-type:circle\"><li>tiền bạc eo hẹp:<i>to have scanty money</i></li></ul></li></ul>","id":7926,"pronounce":"","word":"eo hẹp","word_types":["noun"]},{"description":"noun: ","html":"<h1>eo lưng</h1><h2>noun</h2>-waist<br/>","id":7927,"pronounce":"","word":"eo lưng","word_types":["noun"]},{"description":"Harp on scold","html":"<h1>eo sèo</h1><ul><li>Harp on scold<ul style=\"list-style-type:circle\"><li>Lấy phải bà vợ cư eo sèo suốt ngày:<i>To have married a woman who keeps scolding (nagging) the whole day</i>-Raise a din<br/></li></ul></li></ul>","id":7930,"pronounce":"","word":"eo sèo","word_types":[]},{"description":"adj: shrill","html":"<h1>eo éo</h1><h2>adj</h2><ul><li>shrill</li></ul>","id":7925,"pronounce":"","word":"eo éo","word_types":["adj"]},{"description":"Night-time cock crowing, night-time cock crowing, night-time cock-a-doodle-doo","html":"<h1>eo óc</h1><ul><li>Night-time cock crowing, night-time cock crowing, night-time cock-a-doodle-doo<ul style=\"list-style-type:circle\"><li>Đêm khuya không ngủ được nghe tiếng gà eo óc:<i>To hear late night-time cock-a-doole-doo in one's sleeplessness</i></li></ul></li></ul>","id":7928,"pronounce":"","word":"eo óc","word_types":[]},{"description":"Faugh!","html":"<h1>eo ôi</h1><ul><li>Faugh!<ul style=\"list-style-type:circle\"><li>Eo ôi! Kia con sâu róm!:<i>Faugh! There is a caterpillar!</i></li></ul></li></ul>","id":7929,"pronounce":"","word":"eo ôi","word_types":[]},{"description":"noun: Isthmus","html":"<h1>eo đất</h1><h2>noun</h2><ul><li>Isthmus</li></ul>","id":7924,"pronounce":"","word":"eo đất","word_types":["noun"]},{"description":"adj: Back-bending","html":"<h1>è cổ</h1><h2>adj</h2><ul><li>Back-bending<ul style=\"list-style-type:circle\"><li>gánh nặng è cổ:<i>A load of back-bending weight</i></li></ul></li></ul>","id":7904,"pronounce":"","word":"è cổ","word_types":["adj"]},{"description":"adj: sickly","html":"<h1>èo uột</h1><h2>adj</h2><ul><li>sickly<ul style=\"list-style-type:circle\"><li>đứa bé èo uột:<i>A sickly child</i></li></ul></li></ul>","id":7935,"pronounce":"","word":"èo uột","word_types":["adj"]},{"description":"xem éo ẹt (láy)","html":"<h1>èo à éo ẹt</h1><ul><li>xem éo ẹt (láy)</li></ul>","id":7931,"pronounce":"","word":"èo à éo ẹt","word_types":[]},{"description":"Scold loudy and peristingly","html":"<h1>èo èo</h1><ul><li>Scold loudy and peristingly<ul style=\"list-style-type:circle\"><li>Đừng èo èo mãi thế:<i>Don't keep scolding loudly and peristingly like that</i></li></ul></li></ul>","id":7932,"pronounce":"","word":"èo èo","word_types":[]},{"description":"như èo èo","html":"<h1>èo éo</h1><ul><li>như èo èo</li></ul>","id":7933,"pronounce":"","word":"èo éo","word_types":[]},{"description":"(cũng nói èo uột) Weakly [from poor health]","html":"<h1>èo ọt</h1><ul><li>(cũng nói èo uột) Weakly [from poor health]<ul style=\"list-style-type:circle\"><li>Cô ta trông ẻo lả lắm:<i>She looks very weakly</i></li></ul></li></ul>","id":7934,"pronounce":"","word":"èo ọt","word_types":[]},{"description":"(thực) (tiếng địa phương) như húng dổi (xem húng)","html":"<h1>é</h1><ul><li>(thực) (tiếng địa phương) như húng dổi (xem húng)</li></ul>","id":7905,"pronounce":"","word":"é","word_types":[]},{"description":"Squeal","html":"<h1>éc</h1><ul><li>Squeal<ul style=\"list-style-type:circle\"><li>Con lợn cho vào ro kêu en éc:<i>The pig which was being put into a basket squealed (gave out many wees)</i></li><li>Eng éc (láy, ý liên tiếp)</li></ul></li></ul>","id":7906,"pronounce":"","word":"éc","word_types":[]},{"description":"verb: to hush up; to cover up","html":"<h1>ém</h1><h2>verb</h2><ul><li>to hush up; to cover up</li></ul>","id":7918,"pronounce":"","word":"ém","word_types":["verb"]},{"description":"verb: to hush up; to smother up","html":"<h1>ém nhẹm</h1><h2>verb</h2><ul><li>to hush up; to smother up</li></ul>","id":7919,"pronounce":"","word":"ém nhẹm","word_types":["verb"]},{"description":"noun: swallow; swift","html":"<h1>én</h1><h2>noun</h2><ul><li>swallow; swift<ul style=\"list-style-type:circle\"><li>én biển:<i>Sea-swallow</i></li><li>Tiếng Chim én</li></ul></li></ul>","id":7920,"pronounce":"","word":"én","word_types":["noun"]},{"description":"adj: (hình ảnh) tricky; troublesome","html":"<h1>éo le</h1><h2>adj</h2><ul><li>(hình ảnh) tricky; troublesome</li></ul>","id":7939,"pronounce":"","word":"éo le","word_types":["adj"]},{"description":"Groan (nói về đòn gánh khi gánh nặng)","html":"<h1>éo ẹt</h1><ul><li>Groan (nói về đòn gánh khi gánh nặng)<ul style=\"list-style-type:circle\"><li>éo à éo ẹt (láy, ý liên tiếp)</li></ul></li></ul>","id":7938,"pronounce":"","word":"éo ẹt","word_types":[]},{"description":"In an affected voice (different from one's usual voice)","html":"<h1>éo ợt</h1><ul><li>In an affected voice (different from one's usual voice)<ul style=\"list-style-type:circle\"><li>Ăn nói ẽo ọt:<i>To speak in an affected voice</i></li></ul></li></ul>","id":7940,"pronounce":"","word":"éo ợt","word_types":[]},{"description":"verb: to force; to conpel","html":"<h1>ép</h1><h2>verb</h2><ul><li>to force; to conpel<ul style=\"list-style-type:circle\"><li>ép ai làm việc gì:<i>To force someone to do something to press; to extract by pressing</i></li><li>ép quả chanh:<i>To press a lemon</i></li></ul></li></ul>","id":7942,"pronounce":"","word":"ép","word_types":["verb"]},{"description":"verb: to constrain; to oblige","html":"<h1>ép buộc</h1><h2>verb</h2><ul><li>to constrain; to oblige</li></ul>","id":7943,"pronounce":"","word":"ép buộc","word_types":["verb"]},{"description":"verb: to conpel a girl to marry someone","html":"<h1>ép duyên</h1><h2>verb</h2><ul><li>to conpel a girl to marry someone</li></ul>","id":7944,"pronounce":"","word":"ép duyên","word_types":["verb"]},{"description":"pronoun: ","html":"<h1>ép liễu nài hoa</h1><h2>pronoun</h2>-to commit a rape on a woman<br/>","id":7945,"pronounce":"","word":"ép liễu nài hoa","word_types":["noun","pronoun"]},{"description":"verb: ","html":"<h1>ép lòng</h1><h2>verb</h2>-to constrain oneself<br/>","id":7946,"pronounce":"","word":"ép lòng","word_types":["verb"]},{"description":"verb: to insist","html":"<h1>ép nài</h1><h2>verb</h2><ul><li>to insist</li></ul>","id":7947,"pronounce":"","word":"ép nài","word_types":["verb"]},{"description":"verb: to force, to compel","html":"<h1>ép uổng</h1><h2>verb</h2><ul><li>to force, to compel</li></ul>","id":7948,"pronounce":"","word":"ép uổng","word_types":["verb"]},{"description":"(khẩu ngữ) Mortify oneself","html":"<h1>ép xác</h1><ul><li>(khẩu ngữ) Mortify oneself</li></ul>","id":7949,"pronounce":"","word":"ép xác","word_types":[]},{"description":"verb: to be numb","html":"<h1>ê</h1><h2>verb</h2><ul><li>to be numb-Ashamed<br/><ul style=\"list-style-type:circle\"><li>ê quá:<i>What a shame!</i></li></ul></li></ul>","id":7951,"pronounce":"","word":"ê","word_types":["verb"]},{"description":"verb: to read loudly and unceasingly","html":"<h1>ê a</h1><h2>verb</h2><ul><li>to read loudly and unceasingly</li></ul>","id":7952,"pronounce":"","word":"ê a","word_types":["verb"]},{"description":"adj: shameful","html":"<h1>ê chề</h1><h2>adj</h2><ul><li>shameful</li></ul>","id":7954,"pronounce":"","word":"ê chề","word_types":["adj"]},{"description":"Shameful; ashamed","html":"<h1>ê chệ</h1><ul><li>Shameful; ashamed</li></ul>","id":7955,"pronounce":"","word":"ê chệ","word_types":[]},{"description":"adj: abudant; profuse","html":"<h1>ê hề</h1><h2>adj</h2><ul><li>abudant; profuse</li></ul>","id":7957,"pronounce":"","word":"ê hề","word_types":["adj"]},{"description":"Feel ashamed, feel awkward with ashame","html":"<h1>ê mặt</h1><ul><li>Feel ashamed, feel awkward with ashame</li></ul>","id":7958,"pronounce":"","word":"ê mặt","word_types":[]},{"description":"verb: to feel one's teeth on edge","html":"<h1>ê răng</h1><h2>verb</h2><ul><li>to feel one's teeth on edge</li></ul>","id":7959,"pronounce":"","word":"ê răng","word_types":["verb"]},{"description":"xem ê (láy)","html":"<h1>ê ê</h1><ul><li>xem ê (láy)</li></ul>","id":7956,"pronounce":"","word":"ê ê","word_types":[]},{"description":"verb: feel a dull and lasting pain","html":"<h1>ê ẩm</h1><h2>verb</h2><ul><li>feel a dull and lasting pain</li></ul>","id":7953,"pronounce":"","word":"ê ẩm","word_types":["verb"]},{"description":"adj: smooth; sweet; soft; calm","html":"<h1>êm</h1><h2>adj</h2><ul><li>smooth; sweet; soft; calm<ul style=\"list-style-type:circle\"><li>biển êm:<i>a calm sea</i></li><li>gối êm:<i>solf pillow</i></li></ul></li></ul>","id":7967,"pronounce":"","word":"êm","word_types":["adj"]},{"description":"adj: sweet, gentle, smooth","html":"<h1>êm dịu</h1><h2>adj</h2><ul><li>sweet, gentle, smooth</li></ul>","id":7972,"pronounce":"","word":"êm dịu","word_types":["adj"]},{"description":"Very mild, very soft","html":"<h1>êm ru</h1><ul><li>Very mild, very soft<ul style=\"list-style-type:circle\"><li>Nói ra những lời êm dịu, như rót vào tai:<i>To utter very mild words highly pleasing to the ears</i>-Smooth-sailing, plain-sailing<br/></li></ul></li></ul>","id":7975,"pronounce":"","word":"êm ru","word_types":[]},{"description":"pleasant to the ears; sweet; melodious","html":"<h1>êm tai</h1><ul><li>pleasant to the ears; sweet; melodious<ul style=\"list-style-type:circle\"><li>bài hát êm tai:<i>a sweet song</i></li></ul></li></ul>","id":7976,"pronounce":"","word":"êm tai","word_types":[]},{"description":"adj: peaceful; amicable","html":"<h1>êm thấm</h1><h2>adj</h2><ul><li>peaceful; amicable</li></ul>","id":7977,"pronounce":"","word":"êm thấm","word_types":["adj"]},{"description":"adj: melodious; sweet; mild","html":"<h1>êm ái</h1><h2>adj</h2><ul><li>melodious; sweet; mild</li></ul>","id":7969,"pronounce":"","word":"êm ái","word_types":["adj"]},{"description":"xem êm (láy)","html":"<h1>êm êm</h1><ul><li>xem êm (láy)</li></ul>","id":7974,"pronounce":"","word":"êm êm","word_types":[]},{"description":"adj: screne; fond; pleasant","html":"<h1>êm đềm</h1><h2>adj</h2><ul><li>screne; fond; pleasant<ul style=\"list-style-type:circle\"><li>giữ một kỷ niệm êm đềm của ai đó:<i>To keep a fond memory of someone</i></li></ul></li></ul>","id":7973,"pronounce":"","word":"êm đềm","word_types":["adj"]},{"description":"adj: quict, peaceful","html":"<h1>êm ả</h1><h2>adj</h2><ul><li>quict, peaceful</li></ul>","id":7968,"pronounce":"","word":"êm ả","word_types":["adj"]},{"description":"adj: united; harmonious; tranquil","html":"<h1>êm ấm</h1><h2>adj</h2><ul><li>united; harmonious; tranquil</li></ul>","id":7971,"pronounce":"","word":"êm ấm","word_types":["adj"]},{"description":"Silent, quiet, noiseless","html":"<h1>êm ắng</h1><ul><li>Silent, quiet, noiseless</li></ul>","id":7970,"pronounce":"","word":"êm ắng","word_types":[]},{"description":"(thông tục) Bloody bad","html":"<h1>êu</h1><ul><li>(thông tục) Bloody bad-Faugh! phew!<br/><ul style=\"list-style-type:circle\"><li>Êu! Bẩn ơi là bẩn!:<i>Phew! It's teribly dirty!</i></li><li>Êu êu (láy ý tăng)</li></ul></li></ul>","id":7986,"pronounce":"","word":"êu","word_types":[]},{"description":"xem êu (láy)","html":"<h1>êu êu</h1><ul><li>xem êu (láy)<ul style=\"list-style-type:circle\"><li>Come here! Come here! (tiếng gọi chó)</li></ul></li></ul>","id":7987,"pronounce":"","word":"êu êu","word_types":[]},{"description":"(thông tục) Faugh! phew!","html":"<h1>êu ôi</h1><ul><li>(thông tục) Faugh! phew!<ul style=\"list-style-type:circle\"><li>Êu ôi, khiếp chửa!:<i>Faugh! what horror!</i></li></ul></li></ul>","id":7988,"pronounce":"","word":"êu ôi","word_types":[]},{"description":"verb: to twist, to bend","html":"<h1>ẹo</h1><h2>verb</h2><ul><li>to twist, to bend</li></ul>","id":7941,"pronounce":"","word":"ẹo","word_types":["verb"]},{"description":"verb: to deflate, to flatten","html":"<h1>ẹp</h1><h2>verb</h2><ul><li>to deflate, to flatten</li></ul>","id":7950,"pronounce":"","word":"ẹp","word_types":["verb"]},{"description":"adj: weakly; puny","html":"<h1>ẻo lả</h1><h2>adj</h2><ul><li>weakly; puny</li></ul>","id":7936,"pronounce":"","word":"ẻo lả","word_types":["adj"]},{"description":"groan","html":"<h1>ẽo ẹt</h1><ul><li>groan</li></ul>","id":7937,"pronounce":"","word":"ẽo ẹt","word_types":[]},{"description":"verb: do not sell; not saleable","html":"<h1>ế</h1><h2>verb</h2><ul><li>do not sell; not saleable</li></ul>","id":7962,"pronounce":"","word":"ế","word_types":["verb"]},{"description":"","html":"<h1>ế chồng</h1>-(dành cho đàn bà) to be on the shelf<br/>","id":7964,"pronounce":"","word":"ế chồng","word_types":[]},{"description":"Unable to find customers; unmarketable","html":"<h1>ế ẩm</h1><ul><li>Unable to find customers; unmarketable</li></ul>","id":7963,"pronounce":"","word":"ế ẩm","word_types":[]},{"description":"noun: frog","html":"<h1>ếch</h1><h2>noun</h2><ul><li>frog<ul style=\"list-style-type:circle\"><li>con ếch độc:<i>poisonous frog</i></li><li>ếch cây bụng trắng</li></ul></li></ul>","id":7965,"pronounce":"","word":"ếch","word_types":["noun"]},{"description":"noun: amphibians","html":"<h1>ếch nhái</h1><h2>noun</h2><ul><li>amphibians</li></ul>","id":7966,"pronounce":"","word":"ếch nhái","word_types":["noun"]},{"description":"verb: to bewitch; to exorcize","html":"<h1>ếm</h1><h2>verb</h2><ul><li>to bewitch; to exorcize<ul style=\"list-style-type:circle\"><li>ếm ma quỉ:<i>To exorcize evil spirits and ghosts</i></li></ul></li></ul>","id":7978,"pronounce":"","word":"ếm","word_types":["verb"]},{"description":"Swell (nói về bụng)","html":"<h1>ếnh</h1><ul><li>Swell (nói về bụng)<ul style=\"list-style-type:circle\"><li>Uống nhiều nước quá ễnh bụng:<i>To have a swelling belly for having drunk too munch water.</i>-(đùa) Be big with child<br/></li><li>Con mới một tuổi mà đã ễnh bụng ra rồi:<i>To be already big with child while the baby one has previously had is hardly one</i></li></ul></li></ul>","id":7983,"pronounce":"","word":"ếnh","word_types":[]},{"description":"xem ếnh","html":"<h1>ếnh bụng</h1><ul><li>xem ếnh</li></ul>","id":7984,"pronounce":"","word":"ếnh bụng","word_types":[]},{"description":"Come along!","html":"<h1>ề</h1><ul><li>Come along!<ul style=\"list-style-type:circle\"><li>ề đi đi chứ!:<i>Come along! Off with you!</i></li></ul></li></ul>","id":7960,"pronounce":"","word":"ề","word_types":[]},{"description":"verb: to drawl out, to hum and haw","html":"<h1>ề à</h1><h2>verb</h2><ul><li>to drawl out, to hum and haw</li></ul>","id":7961,"pronounce":"","word":"ề à","word_types":["verb"]},{"description":"verb: to stick out; to swell","html":"<h1>ềnh</h1><h2>verb</h2><ul><li>to stick out; to swell<ul style=\"list-style-type:circle\"><li>bụng chửa ềnh ra:<i>To have a belly swelling with pregnancy</i>-To lie at full length<br/></li></ul></li></ul>","id":7979,"pronounce":"","word":"ềnh","word_types":["verb"]},{"description":"xem ềnh (láy)","html":"<h1>ềnh ềnh</h1><ul><li>xem ềnh (láy)</li></ul>","id":7980,"pronounce":"","word":"ềnh ềnh","word_types":[]},{"description":"verb: to swell","html":"<h1>ễnh</h1><h2>verb</h2><ul><li>to swell<ul style=\"list-style-type:circle\"><li>ăn nhiều quá ễnh bụng:<i>to have a swelling belly for having eaten too much food</i></li></ul></li></ul>","id":7981,"pronounce":"","word":"ễnh","word_types":["verb"]},{"description":"noun: bull-frog","html":"<h1>ễnh ương</h1><h2>noun</h2><ul><li>bull-frog</li></ul>","id":7982,"pronounce":"","word":"ễnh ương","word_types":["noun"]},{"description":"Dull (yellow)","html":"<h1>ệnh</h1><ul><li>Dull (yellow)<ul style=\"list-style-type:circle\"><li>Nước da vàng ệnh:<i>A dull yellow complexion</i></li></ul></li></ul>","id":7985,"pronounce":"","word":"ệnh","word_types":[]}]