[{"description":"noun: first lesson","html":"<h1>i tờ</h1><h2>noun</h2><ul><li>first lesson<ul style=\"list-style-type:circle\"><li>mới học i tờ:<i>to have just begun to learn the alphabet rudiment</i></li><li>còn i tờ về văn chương:<i>to have only the rudiments of literature</i></li></ul></li></ul>","id":10907,"pronounce":"","word":"i tờ","word_types":["noun"]},{"description":"adj: calm; silent; quiet,","html":"<h1>im</h1><h2>adj</h2><ul><li>calm; silent; quiet,<ul style=\"list-style-type:circle\"><li>im lặng!:<i>silence!</i></li></ul></li></ul>","id":10926,"pronounce":"","word":"im","word_types":["adj"]},{"description":"Stop crying abruptly","html":"<h1>im bặt</h1><ul><li>Stop crying abruptly</li></ul>","id":10929,"pronounce":"","word":"im bặt","word_types":[]},{"description":"adj: quiet, dormart","html":"<h1>im lìm</h1><h2>adj</h2><ul><li>quiet, dormart</li></ul>","id":10932,"pronounce":"","word":"im lìm","word_types":["adj"]},{"description":"tính từ, động từ, danh từ silent, sitence ; to silence","html":"<h1>im lặng</h1><ul><li>tính từ, động từ, danh từ silent, sitence ; to silence</li></ul>","id":10931,"pronounce":"","word":"im lặng","word_types":[]},{"description":"Shut your mouth! Cut your cackle! shut up!","html":"<h1>im mồm</h1><ul><li>Shut your mouth! Cut your cackle! shut up!</li></ul>","id":10933,"pronounce":"","word":"im mồm","word_types":[]},{"description":"","html":"<h1>im phăng phắc</h1>-dead silence; flat calm<br/>","id":10934,"pronounce":"","word":"im phăng phắc","word_types":[]},{"description":"Calm, quiet","html":"<h1>im ả</h1><ul><li>Calm, quiet<ul style=\"list-style-type:circle\"><li>Chiều trời im ả:<i>A quiet evening</i></li></ul></li></ul>","id":10927,"pronounce":"","word":"im ả","word_types":[]},{"description":"như im ả","html":"<h1>im ắng</h1><ul><li>như im ả</li></ul>","id":10928,"pronounce":"","word":"im ắng","word_types":[]},{"description":"Silent","html":"<h1>im ỉm</h1><ul><li>Silent<ul style=\"list-style-type:circle\"><li>Cửa đóng im ỉm cả ngày:<i>Door silently shut the whole day</i></li></ul></li></ul>","id":10930,"pronounce":"","word":"im ỉm","word_types":[]},{"description":"verb: to print; to strike off","html":"<h1>in</h1><h2>verb</h2><ul><li>to print; to strike off<ul style=\"list-style-type:circle\"><li>quyển sách đang in:<i>the book is now printing to imprint; to grave</i></li></ul></li></ul>","id":10936,"pronounce":"","word":"in","word_types":["verb"]},{"description":"[Be] As like as two peas, [be] Cast in the same mould","html":"<h1>in hệt</h1><ul><li>[Be] As like as two peas, [be] Cast in the same mould<ul style=\"list-style-type:circle\"><li>Hai đứa bé này in hệt nhau:<i>These twins look as like as two peas</i></li></ul></li></ul>","id":10937,"pronounce":"","word":"in hệt","word_types":[]},{"description":"typography","html":"<h1>in máy</h1><ul><li>typography</li></ul>","id":10939,"pronounce":"","word":"in máy","word_types":[]},{"description":"Make finger-prints","html":"<h1>in tay</h1><ul><li>Make finger-prints<ul style=\"list-style-type:circle\"><li>In tay vào giấy chứng minh:<i>To make finger-prints on one's identity card</i></li></ul></li></ul>","id":10940,"pronounce":"","word":"in tay","word_types":[]},{"description":"(từ cũ; nghĩa cũ) như in lito","html":"<h1>in thạch bản</h1><ul><li>(từ cũ; nghĩa cũ) như in lito</li></ul>","id":10941,"pronounce":"","word":"in thạch bản","word_types":[]},{"description":"(Bản in thử) Slip","html":"<h1>in thử</h1><ul><li>(Bản in thử) Slip</li></ul>","id":10942,"pronounce":"","word":"in thử","word_types":[]},{"description":"xem ít (láy)","html":"<h1>in ít</h1><ul><li>xem ít (láy)</li></ul>","id":10938,"pronounce":"","word":"in ít","word_types":[]},{"description":"adj: deafening","html":"<h1>inh tai</h1><h2>adj</h2><ul><li>deafening</li></ul>","id":10945,"pronounce":"","word":"inh tai","word_types":["adj"]},{"description":"adj: noisy; loud; tumultuous","html":"<h1>inh ỏi</h1><h2>adj</h2><ul><li>noisy; loud; tumultuous</li></ul>","id":10944,"pronounce":"","word":"inh ỏi","word_types":["adj"]},{"description":"verb: to be inert; to sluggish","html":"<h1>ì</h1><h2>verb</h2><ul><li>to be inert; to sluggish</li></ul>","id":10908,"pronounce":"","word":"ì","word_types":["verb"]},{"description":"xem ì ạch (láy)","html":"<h1>ì à ì ạch</h1><ul><li>xem ì ạch (láy)</li></ul>","id":10909,"pronounce":"","word":"ì à ì ạch","word_types":[]},{"description":"adv: ploddingly","html":"<h1>ì ạch</h1><h2>adv</h2><ul><li>ploddingly<ul style=\"list-style-type:circle\"><li>khiêng ì ạch một tảng đá:<i>to carry ploddingly a block of stone</i></li></ul></li></ul>","id":10910,"pronounce":"","word":"ì ạch","word_types":["adv"]},{"description":"Rumble","html":"<h1>ì ầm</h1><ul><li>Rumble<ul style=\"list-style-type:circle\"><li>Sấm ì ầm ở đằng xa:<i>Thunder rumbling in the distance</i></li></ul></li></ul>","id":10911,"pronounce":"","word":"ì ầm","word_types":[]},{"description":"xem ịt (láy)","html":"<h1>ìn ịt</h1><ul><li>xem ịt (láy)</li></ul>","id":10943,"pronounce":"","word":"ìn ịt","word_types":[]},{"description":"verb: ","html":"<h1>ình</h1><h2>verb</h2>-to swell<br/>","id":10946,"pronounce":"","word":"ình","word_types":["verb"]},{"description":"Swell, bulge","html":"<h1>ình bụng</h1><ul><li>Swell, bulge<ul style=\"list-style-type:circle\"><li>Ăn no ình bụng:<i>To eat so much that one's belly bulges.</i>-(thông tục) Be big with child<br/></li></ul></li></ul>","id":10947,"pronounce":"","word":"ình bụng","word_types":[]},{"description":"xem ịch (láy)","html":"<h1>ình ịch</h1><ul><li>xem ịch (láy)</li></ul>","id":10948,"pronounce":"","word":"ình ịch","word_types":[]},{"description":"xem í ới","html":"<h1>í a í ới</h1><ul><li>xem í ới</li></ul>","id":10913,"pronounce":"","word":"í a í ới","word_types":[]},{"description":"Call each other (one another). noisily","html":"<h1>í ới</h1><ul><li>Call each other (one another). noisily<ul style=\"list-style-type:circle\"><li>í a í ới (láy, ý tăng)</li></ul></li></ul>","id":10914,"pronounce":"","word":"í ới","word_types":[]},{"description":"có ích useful","html":"<h1>ích</h1><ul><li>có ích useful<ul style=\"list-style-type:circle\"><li>vô ích:<i>useless</i></li></ul></li></ul>","id":10920,"pronounce":"","word":"ích","word_types":[]},{"description":"(ít dùng) Useful","html":"<h1>ích dụng</h1><ul><li>(ít dùng) Useful</li></ul>","id":10921,"pronounce":"","word":"ích dụng","word_types":[]},{"description":"adjective: ","html":"<h1>ích kỷ</h1><h2>adjective</h2>-selfish, sel-seeking<br/>","id":10922,"pronounce":"","word":"ích kỷ","word_types":["adj"]},{"description":"noun: usefulness, henefit","html":"<h1>ích lợi</h1><h2>noun</h2><ul><li>usefulness, henefit</li></ul>","id":10923,"pronounce":"","word":"ích lợi","word_types":["noun"]},{"description":"Motherwort (cây)","html":"<h1>ích mẫu</h1><ul><li>Motherwort (cây)</li></ul>","id":10924,"pronounce":"","word":"ích mẫu","word_types":[]},{"description":"adj: little; few","html":"<h1>ít</h1><h2>adj</h2><ul><li>little; few<ul style=\"list-style-type:circle\"><li>rất ít người:<i>very few people</i></li></ul></li></ul>","id":10949,"pronounce":"","word":"ít","word_types":["adj"]},{"description":"A few days","html":"<h1>ít bữa</h1><ul><li>A few days<ul style=\"list-style-type:circle\"><li>ít bữa nữa tôi sẽ về:<i>I'll return in a few days time</i></li></ul></li></ul>","id":10950,"pronounce":"","word":"ít bữa","word_types":[]},{"description":"adj: rare, scarce","html":"<h1>ít có</h1><h2>adj</h2><ul><li>rare, scarce</li></ul>","id":10951,"pronounce":"","word":"ít có","word_types":["adj"]},{"description":"adj: less; least; fewer","html":"<h1>ít hơn</h1><h2>adj</h2><ul><li>less; least; fewer<ul style=\"list-style-type:circle\"><li>nó thiếu nợ ít hơn anh:<i>He has fewer debts</i></li></ul></li></ul>","id":10952,"pronounce":"","word":"ít hơn","word_types":["adj"]},{"description":"adv: seldom; earely","html":"<h1>ít khi</h1><h2>adv</h2><ul><li>seldom; earely<ul style=\"list-style-type:circle\"><li>nó ít khi đi đến trường:<i>He selfom goes to the school</i></li></ul></li></ul>","id":10953,"pronounce":"","word":"ít khi","word_types":["adv"]},{"description":"For a little while","html":"<h1>ít lâu</h1><ul><li>For a little while<ul style=\"list-style-type:circle\"><li>Đi vắng ít lâu lại về.:<i>To be a way only for a little while</i></li></ul></li></ul>","id":10954,"pronounce":"","word":"ít lâu","word_types":[]},{"description":"lately","html":"<h1>ít lâu nay</h1><ul><li>lately</li></ul>","id":10955,"pronounce":"","word":"ít lâu nay","word_types":[]},{"description":"Of few words","html":"<h1>ít lời</h1><ul><li>Of few words<ul style=\"list-style-type:circle\"><li>Anh ta ít lời lắm.:<i>He is a man of very few words</i></li></ul></li></ul>","id":10956,"pronounce":"","word":"ít lời","word_types":[]},{"description":"adv: a little","html":"<h1>ít nhiều</h1><h2>adv</h2><ul><li>a little</li></ul>","id":10958,"pronounce":"","word":"ít nhiều","word_types":["adv"]},{"description":"At least","html":"<h1>ít nhất</h1><ul><li>At least<ul style=\"list-style-type:circle\"><li>ít nhất thì cũng phải một năm mới xong một cuốn từ điển cỡ đó:<i>It will take at least a year to complete a dictionary of that size</i></li></ul></li></ul>","id":10957,"pronounce":"","word":"ít nhất","word_types":[]},{"description":"adverb: cô phải đọc ít nhứt là một cuốn sách mỗi tuần lễ:<i>You should read at least one book every week</i>","html":"<h1>ít nhứt</h1><h2>adverb</h2>-at least<br/><ul style=\"list-style-type:circle\"><li>cô phải đọc ít nhứt là một cuốn sách mỗi tuần lễ:<i>You should read at least one book every week</i></li></ul>","id":10959,"pronounce":"","word":"ít nhứt","word_types":["verb","adv"]},{"description":"adj: telling little; close-mouthed","html":"<h1>ít nói</h1><h2>adj</h2><ul><li>telling little; close-mouthed<ul style=\"list-style-type:circle\"><li>kẻ ít nói là kẻ đáng sợ nhất:<i>Still water run deep</i></li></ul></li></ul>","id":10960,"pronounce":"","word":"ít nói","word_types":["adj"]},{"description":"adv: at least","html":"<h1>ít nữa</h1><h2>adv</h2><ul><li>at least</li></ul>","id":10961,"pronounce":"","word":"ít nữa","word_types":["adv"]},{"description":"như ít ỏi","html":"<h1>ít oi</h1><ul><li>như ít ỏi</li></ul>","id":10962,"pronounce":"","word":"ít oi","word_types":[]},{"description":"như ít nhất","html":"<h1>ít ra</h1><ul><li>như ít nhất<ul style=\"list-style-type:circle\"><li>ít ra cũng hoàn thành kế hoạch trước một năm:<i>The plan will be fulfilled before at least a year</i></li></ul></li></ul>","id":10964,"pronounce":"","word":"ít ra","word_types":[]},{"description":"Still young","html":"<h1>ít tuổi</h1><ul><li>Still young<ul style=\"list-style-type:circle\"><li>Còn ít tuổi nên chưa muốn lập gia đình:<i>As he is still young, he does not want to get married yet</i></li></ul></li></ul>","id":10965,"pronounce":"","word":"ít tuổi","word_types":[]},{"description":"adj: very little","html":"<h1>ít ỏi</h1><h2>adj</h2><ul><li>very little</li></ul>","id":10963,"pronounce":"","word":"ít ỏi","word_types":["adj"]},{"description":"Complan; nag","html":"<h1>ỉ eo</h1><ul><li>Complan; nag</li></ul>","id":10912,"pronounce":"","word":"ỉ eo","word_types":[]},{"description":"verb: to go stool; to defecate","html":"<h1>ỉa</h1><h2>verb</h2><ul><li>to go stool; to defecate<ul style=\"list-style-type:circle\"><li>ỉa chảy:<i>have diarrorhea</i></li></ul></li></ul>","id":10916,"pronounce":"","word":"ỉa","word_types":["verb"]},{"description":"Have diarrhoea","html":"<h1>ỉa chảy</h1><ul><li>Have diarrhoea</li></ul>","id":10917,"pronounce":"","word":"ỉa chảy","word_types":[]},{"description":"(thông tục) Not care a damn about","html":"<h1>ỉa vào</h1><ul><li>(thông tục) Not care a damn about</li></ul>","id":10919,"pronounce":"","word":"ỉa vào","word_types":[]},{"description":"Make a mess","html":"<h1>ỉa đái</h1><ul><li>Make a mess</li></ul>","id":10918,"pronounce":"","word":"ỉa đái","word_types":[]},{"description":"verb: to hush up; to bruke","html":"<h1>ỉm</h1><h2>verb</h2><ul><li>to hush up; to bruke<ul style=\"list-style-type:circle\"><li>ỉm đi một việc xấu:<i>to hush up a scandal</i></li></ul></li></ul>","id":10935,"pronounce":"","word":"ỉm","word_types":["verb"]},{"description":"adj: doughy; soggy","html":"<h1>ỉu</h1><h2>adj</h2><ul><li>doughy; soggy</li></ul>","id":10967,"pronounce":"","word":"ỉu","word_types":["adj"]},{"description":"như ỉu","html":"<h1>ỉu xịu</h1><ul><li>như ỉu</li></ul>","id":10968,"pronounce":"","word":"ỉu xịu","word_types":[]},{"description":"verb: (lóng) to go to stool","html":"<h1>ị</h1><h2>verb</h2><ul><li>(lóng) to go to stool</li></ul>","id":10915,"pronounce":"","word":"ị","word_types":["verb"]},{"description":"Thud","html":"<h1>ịch</h1><ul><li>Thud<ul style=\"list-style-type:circle\"><li>Quả dừa rơi ịch một cái xuống đất:<i>The coconut fell with a thud on the ground</i></li></ul></li><li>Chug<ul style=\"list-style-type:circle\"><li>Tiếng máy chạy ình ịch:<i>The engine chugged on</i>#Syn<br/></li></ul></li><li>ình ịch (láy, ý liên tiếp)</li></ul>","id":10925,"pronounce":"","word":"ịch","word_types":[]},{"description":"Grunt, oink (mỹ)","html":"<h1>ịt</h1><ul><li>Grunt, oink (mỹ)</li><li>ìn ịt (láy, ý liên tiếp)<ul style=\"list-style-type:circle\"><li>Nghe tiếng ìn ịt từ chuồng lợn ra:<i>Some grunts were heard from the pigsty</i></li></ul></li></ul>","id":10966,"pronounce":"","word":"ịt","word_types":[]}]