[{"description":"noun: mum, mom tumour","html":"<h1>u</h1><h2>noun</h2><ul><li>mum, mom tumour</li></ul><h2>adj</h2><ul><li>bumpy, swollen</li></ul><h2>verb</h2><ul><li>to swell</li></ul>","id":22657,"pronounce":"","word":"u","word_types":["noun","verb","adj"]},{"description":"noun: dead soul, ghost","html":"<h1>u hồn</h1><h2>noun</h2><ul><li>dead soul, ghost</li></ul>","id":22660,"pronounce":"","word":"u hồn","word_types":["noun"]},{"description":"noun: ","html":"<h1>u ran</h1><h2>noun</h2>-uranium<br/>","id":22662,"pronounce":"","word":"u ran","word_types":["noun"]},{"description":"adj: melancholy, sullen","html":"<h1>u sầu</h1><h2>adj</h2><ul><li>melancholy, sullen</li></ul>","id":22663,"pronounce":"","word":"u sầu","word_types":["adj"]},{"description":"adj: secluded and quict","html":"<h1>u tịch</h1><h2>adj</h2><ul><li>secluded and quict</li></ul>","id":22664,"pronounce":"","word":"u tịch","word_types":["adj"]},{"description":"adj: spleenful","html":"<h1>u uất</h1><h2>adj</h2><ul><li>spleenful</li></ul>","id":22665,"pronounce":"","word":"u uất","word_types":["adj"]},{"description":"adj: overcast, dull","html":"<h1>u ám</h1><h2>adj</h2><ul><li>overcast, dull</li></ul>","id":22658,"pronounce":"","word":"u ám","word_types":["adj"]},{"description":"noun: utter inarticulate sounds","html":"<h1>u ơ</h1><h2>noun</h2><ul><li>utter inarticulate sounds</li></ul>","id":22661,"pronounce":"","word":"u ơ","word_types":["noun"]},{"description":"adj: dark, secret","html":"<h1>u ẩn</h1><h2>adj</h2><ul><li>dark, secret</li></ul>","id":22659,"pronounce":"","word":"u ẩn","word_types":["adj"]},{"description":"adj: luxuriant, rank","html":"<h1>um tùm</h1><h2>adj</h2><ul><li>luxuriant, rank</li></ul>","id":22687,"pronounce":"","word":"um tùm","word_types":["adj"]},{"description":"adj: addle, rotten","html":"<h1>ung</h1><h2>adj</h2><ul><li>addle, rotten</li></ul>","id":22689,"pronounce":"","word":"ung","word_types":["adj"]},{"description":"adj: deliberate","html":"<h1>ung dung</h1><h2>adj</h2><ul><li>deliberate</li></ul>","id":22690,"pronounce":"","word":"ung dung","word_types":["adj"]},{"description":"noun: tumour","html":"<h1>ung nhọt</h1><h2>noun</h2><ul><li>tumour</li></ul>","id":22691,"pronounce":"","word":"ung nhọt","word_types":["noun"]},{"description":"noun: cancer","html":"<h1>ung thư</h1><h2>noun</h2><ul><li>cancer</li></ul>","id":22692,"pronounce":"","word":"ung thư","word_types":["noun"]},{"description":"noun: authority; prestigious fame","html":"<h1>uy danh</h1><h2>noun</h2><ul><li>authority; prestigious fame</li></ul>","id":22704,"pronounce":"","word":"uy danh","word_types":["noun"]},{"description":"verb: to bully, to overwhelm, to tread on the neck of;","html":"<h1>uy hiếp</h1><h2>verb</h2><ul><li>to bully, to overwhelm, to tread on the neck of;</li></ul>","id":22705,"pronounce":"","word":"uy hiếp","word_types":["verb"]},{"description":"noun: power","html":"<h1>uy lực</h1><h2>noun</h2><ul><li>power</li></ul>","id":22706,"pronounce":"","word":"uy lực","word_types":["noun"]},{"description":"adj: majestic","html":"<h1>uy nghi</h1><h2>adj</h2><ul><li>majestic</li></ul>","id":22707,"pronounce":"","word":"uy nghi","word_types":["adj"]},{"description":"adj: venerably imposing","html":"<h1>uy phong</h1><h2>adj</h2><ul><li>venerably imposing</li></ul>","id":22708,"pronounce":"","word":"uy phong","word_types":["adj"]},{"description":"noun: authority","html":"<h1>uy quyền</h1><h2>noun</h2><ul><li>authority</li></ul>","id":22709,"pronounce":"","word":"uy quyền","word_types":["noun"]},{"description":"noun: power and influence","html":"<h1>uy thế</h1><h2>noun</h2><ul><li>power and influence</li></ul>","id":22710,"pronounce":"","word":"uy thế","word_types":["noun"]},{"description":"noun: prestige","html":"<h1>uy tín</h1><h2>noun</h2><ul><li>prestige</li></ul>","id":22711,"pronounce":"","word":"uy tín","word_types":["noun"]},{"description":"adj: erudite","html":"<h1>uyên bác</h1><h2>adj</h2><ul><li>erudite</li></ul>","id":22719,"pronounce":"","word":"uyên bác","word_types":["adj"]},{"description":"adj: profound","html":"<h1>uyên thâm</h1><h2>adj</h2><ul><li>profound</li></ul>","id":22720,"pronounce":"","word":"uyên thâm","word_types":["adj"]},{"description":"adj: lissom, flexible","html":"<h1>uyển chuyển</h1><h2>adj</h2><ul><li>lissom, flexible</li></ul>","id":22721,"pronounce":"","word":"uyển chuyển","word_types":["adj"]},{"description":"adj: deeply resent","html":"<h1>uất hận</h1><h2>adj</h2><ul><li>deeply resent</li></ul>","id":22678,"pronounce":"","word":"uất hận","word_types":["adj"]},{"description":"verb: to writhe","html":"<h1>uất ức</h1><h2>verb</h2><ul><li>to writhe</li></ul>","id":22679,"pronounce":"","word":"uất ức","word_types":["verb"]},{"description":"noun: mystery","html":"<h1>uẩn khúc</h1><h2>noun</h2><ul><li>mystery</li></ul>","id":22677,"pronounce":"","word":"uẩn khúc","word_types":["noun"]},{"description":"noun: noxious; filthy air","html":"<h1>uế khí</h1><h2>noun</h2><ul><li>noxious; filthy air</li></ul>","id":22683,"pronounce":"","word":"uế khí","word_types":["noun"]},{"description":"adj: slack, sluggish","html":"<h1>uể oải</h1><h2>adj</h2><ul><li>slack, sluggish</li></ul>","id":22682,"pronounce":"","word":"uể oải","word_types":["adj"]},{"description":"verb: to bend; to curl, to curve","html":"<h1>uốn</h1><h2>verb</h2><ul><li>to bend; to curl, to curve</li></ul>","id":22696,"pronounce":"","word":"uốn","word_types":["verb"]},{"description":"verb: to shape, to straighten","html":"<h1>uốn nắn</h1><h2>verb</h2><ul><li>to shape, to straighten</li></ul>","id":22697,"pronounce":"","word":"uốn nắn","word_types":["verb"]},{"description":"adjective: ","html":"<h1>uốn quanh</h1><h2>adjective</h2>-meandering, tortuous; twisty<br/>","id":22698,"pronounce":"","word":"uốn quanh","word_types":["adj"]},{"description":"verb: to drink","html":"<h1>uống</h1><h2>verb</h2><ul><li>to drink</li></ul>","id":22699,"pronounce":"","word":"uống","word_types":["verb"]},{"description":"thudding; thuddingly to paste, to thump","html":"<h1>uỵch</h1><ul><li>thudding; thuddingly to paste, to thump</li></ul>","id":22718,"pronounce":"","word":"uỵch","word_types":[]},{"description":"adv: fast, swiftly","html":"<h1>ù</h1><h2>adv</h2><ul><li>fast, swiftly</li></ul>","id":22666,"pronounce":"","word":"ù","word_types":["adv"]},{"description":"verb: to flow, to rush","html":"<h1>ùa</h1><h2>verb</h2><ul><li>to flow, to rush</li></ul>","id":22674,"pronounce":"","word":"ùa","word_types":["verb"]},{"description":"verb: to fool to hug, to huddle","html":"<h1>ùm</h1><h2>verb</h2><ul><li>to fool to hug, to huddle</li></ul>","id":22688,"pronounce":"","word":"ùm","word_types":["verb"]},{"description":"noun: peekaboo, peepbo","html":"<h1>ú oà</h1><h2>noun</h2><ul><li>peekaboo, peepbo</li></ul>","id":22671,"pronounce":"","word":"ú oà","word_types":["noun"]},{"description":"verb: to babble; to stammer","html":"<h1>ú ớ</h1><h2>verb</h2><ul><li>to babble; to stammer</li></ul>","id":22672,"pronounce":"","word":"ú ớ","word_types":["verb"]},{"description":"adj: brimful","html":"<h1>ú ụ</h1><h2>adj</h2><ul><li>brimful</li></ul>","id":22673,"pronounce":"","word":"ú ụ","word_types":["adj"]},{"description":"adj: brown; waning","html":"<h1>úa</h1><h2>adj</h2><ul><li>brown; waning</li></ul>","id":22676,"pronounce":"","word":"úa","word_types":["adj"]},{"description":"(country) Australia","html":"<h1>úc</h1><ul><li>(country) Australia</li></ul>","id":22680,"pronounce":"","word":"úc","word_types":[]},{"description":"excl: Oogh! Oof!","html":"<h1>úi</h1><h2>excl</h2><ul><li>Oogh! Oof!</li></ul>","id":22685,"pronounce":"","word":"úi","word_types":["excl"]},{"description":"excl: Well, well! Oh, well!","html":"<h1>úi chà</h1><h2>excl</h2><ul><li>Well, well! Oh, well!</li></ul>","id":22686,"pronounce":"","word":"úi chà","word_types":["excl"]},{"description":"adj: waterlogged","html":"<h1>úng</h1><h2>adj</h2><ul><li>waterlogged</li></ul>","id":22695,"pronounce":"","word":"úng","word_types":["adj"]},{"description":"verb: to upturn, to turn over","html":"<h1>úp</h1><h2>verb</h2><ul><li>to upturn, to turn over</li></ul>","id":22700,"pronounce":"","word":"úp","word_types":["verb"]},{"description":"adj: equivocal","html":"<h1>úp mở</h1><h2>adj</h2><ul><li>equivocal</li></ul>","id":22701,"pronounce":"","word":"úp mở","word_types":["adj"]},{"description":"adj: smallest, youngest, little","html":"<h1>út</h1><h2>adj</h2><ul><li>smallest, youngest, little</li></ul>","id":22702,"pronounce":"","word":"út","word_types":["adj"]},{"description":"verb: ","html":"<h1>úy lạo</h1><h2>verb</h2>-to solace<br/>","id":22717,"pronounce":"","word":"úy lạo","word_types":["verb"]},{"description":"verb: be fond of, like","html":"<h1>ưa</h1><h2>verb</h2><ul><li>be fond of, like</li></ul>","id":22725,"pronounce":"","word":"ưa","word_types":["verb"]},{"description":"adj: eye-catching, attractive","html":"<h1>ưa nhìn</h1><h2>adj</h2><ul><li>eye-catching, attractive</li></ul>","id":22726,"pronounce":"","word":"ưa nhìn","word_types":["adj"]},{"description":"noun: sparrow hawk","html":"<h1>ưng</h1><h2>noun</h2><ul><li>sparrow hawk</li></ul><h2>verb</h2><ul><li>to agree, to accept</li></ul>","id":22731,"pronounce":"","word":"ưng","word_types":["noun","verb"]},{"description":"verb: to agree to","html":"<h1>ưng thuận</h1><h2>verb</h2><ul><li>to agree to</li></ul>","id":22732,"pronounce":"","word":"ưng thuận","word_types":["verb"]},{"description":"noun: sorrow","html":"<h1>ưu phiền</h1><h2>noun</h2><ul><li>sorrow</li></ul>","id":22762,"pronounce":"","word":"ưu phiền","word_types":["noun"]},{"description":"adj: sorrowful","html":"<h1>ưu sầu</h1><h2>adj</h2><ul><li>sorrowful</li></ul>","id":22763,"pronounce":"","word":"ưu sầu","word_types":["adj"]},{"description":"adj: prior","html":"<h1>ưu tiên</h1><h2>adj</h2><ul><li>prior</li></ul>","id":22764,"pronounce":"","word":"ưu tiên","word_types":["adj"]},{"description":"adj: preeminent","html":"<h1>ưu việt</h1><h2>adj</h2><ul><li>preeminent</li></ul>","id":22765,"pronounce":"","word":"ưu việt","word_types":["adj"]},{"description":"adj: affectionate","html":"<h1>ưu ái</h1><h2>adj</h2><ul><li>affectionate</li></ul><h2>verb</h2><ul><li>to favour</li></ul>","id":22760,"pronounce":"","word":"ưu ái","word_types":["verb","adj"]},{"description":"noun: advantage, strong point","html":"<h1>ưu điểm</h1><h2>noun</h2><ul><li>advantage, strong point</li></ul>","id":22761,"pronounce":"","word":"ưu điểm","word_types":["noun","adv"]},{"description":"adj: stale","html":"<h1>ươn</h1><h2>adj</h2><ul><li>stale</li></ul><h2>verb</h2><ul><li>spoil</li></ul>","id":22751,"pronounce":"","word":"ươn","word_types":["verb","adj"]},{"description":"adj: cowardly","html":"<h1>ươn hèn</h1><h2>adj</h2><ul><li>cowardly</li></ul>","id":22752,"pronounce":"","word":"ươn hèn","word_types":["adj"]},{"description":"adj: stubborn; seft-willed","html":"<h1>ương ngạnh</h1><h2>adj</h2><ul><li>stubborn; seft-willed</li></ul>","id":22754,"pronounce":"","word":"ương ngạnh","word_types":["adj"]},{"description":"verb: to wish to estimate, to approximate to guess","html":"<h1>ước</h1><h2>verb</h2><ul><li>to wish to estimate, to approximate to guess</li></ul>","id":22740,"pronounce":"","word":"ước","word_types":["verb"]},{"description":"verb: to estimate","html":"<h1>ước chừng</h1><h2>verb</h2><ul><li>to estimate</li></ul>","id":22741,"pronounce":"","word":"ước chừng","word_types":["verb"]},{"description":"verb: to fix an appointment","html":"<h1>ước hẹn</h1><h2>verb</h2><ul><li>to fix an appointment</li></ul>","id":22744,"pronounce":"","word":"ước hẹn","word_types":["verb"]},{"description":"verb: to estimate, to measure","html":"<h1>ước lượng</h1><h2>verb</h2><ul><li>to estimate, to measure</li></ul>","id":22745,"pronounce":"","word":"ước lượng","word_types":["verb"]},{"description":"verb: to wish, to expect","html":"<h1>ước mong</h1><h2>verb</h2><ul><li>to wish, to expect</li></ul>","id":22746,"pronounce":"","word":"ước mong","word_types":["verb"]},{"description":"verb: ","html":"<h1>ước muốn</h1><h2>verb</h2>-to wish, would like<br/>","id":22748,"pronounce":"","word":"ước muốn","word_types":["verb"]},{"description":"noun: dream, wish","html":"<h1>ước mơ</h1><h2>noun</h2><ul><li>dream, wish</li></ul>","id":22747,"pronounce":"","word":"ước mơ","word_types":["noun"]},{"description":"noun: aspiration","html":"<h1>ước vọng</h1><h2>noun</h2><ul><li>aspiration</li></ul>","id":22749,"pronounce":"","word":"ước vọng","word_types":["noun"]},{"description":"verb: to plan","html":"<h1>ước định</h1><h2>verb</h2><ul><li>to plan</li></ul>","id":22742,"pronounce":"","word":"ước định","word_types":["verb"]},{"description":"adv: approximately","html":"<h1>ước độ</h1><h2>adv</h2><ul><li>approximately</li></ul>","id":22743,"pronounce":"","word":"ước độ","word_types":["adv"]},{"description":"verb: to try on, to try","html":"<h1>ướm</h1><h2>verb</h2><ul><li>to try on, to try</li></ul>","id":22750,"pronounce":"","word":"ướm","word_types":["verb"]},{"description":"verb: to scent to mix with to embalm","html":"<h1>ướp</h1><h2>verb</h2><ul><li>to scent to mix with to embalm</li></ul>","id":22755,"pronounce":"","word":"ướp","word_types":["verb"]},{"description":"verb: to freeze","html":"<h1>ướp lạnh</h1><h2>verb</h2><ul><li>to freeze</li></ul>","id":22756,"pronounce":"","word":"ướp lạnh","word_types":["verb"]},{"description":"adj: wet","html":"<h1>ướt</h1><h2>adj</h2><ul><li>wet</li></ul>","id":22757,"pronounce":"","word":"ướt","word_types":["adj"]},{"description":"adj: wet, damp","html":"<h1>ướt át</h1><h2>adj</h2><ul><li>wet, damp</li></ul>","id":22758,"pronounce":"","word":"ướt át","word_types":["adj"]},{"description":"adj: soaked","html":"<h1>ướt đẫm</h1><h2>adj</h2><ul><li>soaked</li></ul>","id":22759,"pronounce":"","word":"ướt đẫm","word_types":["adj"]},{"description":"verb: to mince, to twist","html":"<h1>ưỡn ẹo</h1><h2>verb</h2><ul><li>to mince, to twist</li></ul>","id":22753,"pronounce":"","word":"ưỡn ẹo","word_types":["verb"]},{"description":"adj: heavy;","html":"<h1>ục ịch</h1><h2>adj</h2><ul><li>heavy;</li></ul><h2>adv</h2><ul><li>heavily</li></ul>","id":22681,"pronounce":"","word":"ục ịch","word_types":["adj","adv"]},{"description":"adj: dumpy","html":"<h1>ụt ịt</h1><h2>adj</h2><ul><li>dumpy</li></ul>","id":22703,"pronounce":"","word":"ụt ịt","word_types":["adj"]},{"description":"verb: to keep (with.)","html":"<h1>ủ</h1><h2>verb</h2><ul><li>to keep (with.)</li></ul><h2>adj</h2><ul><li>sullen, gloomy</li></ul>","id":22667,"pronounce":"","word":"ủ","word_types":["verb","adj"]},{"description":"adj: sullen, dull, gloomy","html":"<h1>ủ dột</h1><h2>adj</h2><ul><li>sullen, dull, gloomy</li></ul>","id":22668,"pronounce":"","word":"ủ dột","word_types":["adj"]},{"description":"adj: mournful, doleful","html":"<h1>ủ rũ</h1><h2>adj</h2><ul><li>mournful, doleful</li></ul>","id":22670,"pronounce":"","word":"ủ rũ","word_types":["adj"]},{"description":"adj: sorrowful","html":"<h1>ủ ê</h1><h2>adj</h2><ul><li>sorrowful</li></ul>","id":22669,"pronounce":"","word":"ủ ê","word_types":["adj"]},{"description":"excl: well! Ooh!","html":"<h1>ủa</h1><h2>excl</h2><ul><li>well! Ooh!</li></ul>","id":22675,"pronounce":"","word":"ủa","word_types":["excl"]},{"description":"verb: to iron to bulldose to shoo","html":"<h1>ủi</h1><h2>verb</h2><ul><li>to iron to bulldose to shoo</li></ul>","id":22684,"pronounce":"","word":"ủi","word_types":["verb"]},{"description":"noun: boot","html":"<h1>ủng</h1><h2>noun</h2><ul><li>boot</li></ul>","id":22693,"pronounce":"","word":"ủng","word_types":["noun"]},{"description":"verb: to support","html":"<h1>ủng hộ</h1><h2>verb</h2><ul><li>to support</li></ul>","id":22694,"pronounce":"","word":"ủng hộ","word_types":["verb"]},{"description":"noun: committee","html":"<h1>ủy ban</h1><h2>noun</h2><ul><li>committee</li></ul>","id":22712,"pronounce":"","word":"ủy ban","word_types":["noun"]},{"description":"adj: mawkish, maudlin","html":"<h1>ủy mị</h1><h2>adj</h2><ul><li>mawkish, maudlin</li></ul>","id":22713,"pronounce":"","word":"ủy mị","word_types":["adj"]},{"description":"verb: to authorize, to grant power","html":"<h1>ủy quyền</h1><h2>verb</h2><ul><li>to authorize, to grant power</li></ul>","id":22714,"pronounce":"","word":"ủy quyền","word_types":["verb"]},{"description":"verb: ","html":"<h1>ủy thác</h1><h2>verb</h2>-to vest with the power<br/>","id":22715,"pronounce":"","word":"ủy thác","word_types":["verb"]},{"description":"noun: ","html":"<h1>ủy viên</h1><h2>noun</h2>-member<br/>","id":22716,"pronounce":"","word":"ủy viên","word_types":["noun"]},{"description":"yeah; yes","html":"<h1>ứ</h1><ul><li>yeah; yes</li></ul>","id":22722,"pronounce":"","word":"ứ","word_types":[]},{"description":"verb: ","html":"<h1>ứ huyết</h1><h2>verb</h2>-to congest<br/>","id":22724,"pronounce":"","word":"ứ huyết","word_types":["verb"]},{"description":"adj: stagnant","html":"<h1>ứ đọng</h1><h2>adj</h2><ul><li>stagnant</li></ul>","id":22723,"pronounce":"","word":"ứ đọng","word_types":["adj"]},{"description":"verb: to overflow, to run","html":"<h1>ứa</h1><h2>verb</h2><ul><li>to overflow, to run</li></ul>","id":22727,"pronounce":"","word":"ứa","word_types":["verb"]},{"description":"noun: chest","html":"<h1>ức</h1><h2>noun</h2><ul><li>chest</li></ul><h2>verb</h2><ul><li>to choke with anger</li></ul>","id":22728,"pronounce":"","word":"ức","word_types":["noun","verb"]},{"description":"verb: to restrict; to control, to suppress, to repress; to restrain","html":"<h1>ức chế</h1><h2>verb</h2><ul><li>to restrict; to control, to suppress, to repress; to restrain</li></ul>","id":22729,"pronounce":"","word":"ức chế","word_types":["verb"]},{"description":"verb: to cope accordingly","html":"<h1>ứng biến</h1><h2>verb</h2><ul><li>to cope accordingly</li></ul>","id":22734,"pronounce":"","word":"ứng biến","word_types":["verb"]},{"description":"verb: to apply","html":"<h1>ứng dụng</h1><h2>verb</h2><ul><li>to apply</li></ul>","id":22735,"pronounce":"","word":"ứng dụng","word_types":["verb"]},{"description":"verb: to improvise, to extemporize","html":"<h1>ứng khẩu</h1><h2>verb</h2><ul><li>to improvise, to extemporize</li></ul><h2>adj</h2><ul><li>extempore, extemporaneous</li></ul>","id":22737,"pronounce":"","word":"ứng khẩu","word_types":["verb","adj"]},{"description":"verb: to cope with","html":"<h1>ứng phó</h1><h2>verb</h2><ul><li>to cope with</li></ul>","id":22738,"pronounce":"","word":"ứng phó","word_types":["verb"]},{"description":"verb: to compete","html":"<h1>ứng thí</h1><h2>verb</h2><ul><li>to compete</li></ul>","id":22739,"pronounce":"","word":"ứng thí","word_types":["verb"]},{"description":"verb: to reply","html":"<h1>ứng đáp</h1><h2>verb</h2><ul><li>to reply</li></ul>","id":22736,"pronounce":"","word":"ứng đáp","word_types":["verb"]},{"description":"verb: to redden, to turn pink","html":"<h1>ửng hồng</h1><h2>verb</h2><ul><li>to redden, to turn pink</li></ul>","id":22733,"pronounce":"","word":"ửng hồng","word_types":["verb"]},{"description":"adv: swillingly, with a gulping","html":"<h1>ực</h1><h2>adv</h2><ul><li>swillingly, with a gulping</li></ul>","id":22730,"pronounce":"","word":"ực","word_types":["adv"]}]